<?xml version="1.0" encoding="UTF-8"?>
<metadata xml:lang="en"><Esri><CreaDate>20160425</CreaDate><CreaTime>12514200</CreaTime><ArcGISFormat>1.0</ArcGISFormat><SyncOnce>TRUE</SyncOnce><DataProperties><lineage><Process ToolSource="c:\program files (x86)\arcgis\desktop10.3\ArcToolbox\Toolboxes\Conversion Tools.tbx\FeatureToRaster" Date="20160425" Time="125142">FeatureToRaster line_brood Id "C:\Users\sprih.harsh\Desktop\maps\all data\raster\brood_lines" 557.219342285156</Process></lineage></DataProperties></Esri></metadata>
