<?xml version="1.0" encoding="UTF-8"?>
<metadata xml:lang="en"><Esri><CreaDate>20160425</CreaDate><CreaTime>12552700</CreaTime><ArcGISFormat>1.0</ArcGISFormat><SyncOnce>TRUE</SyncOnce><DataProperties><lineage><Process ToolSource="c:\program files (x86)\arcgis\desktop10.3\ArcToolbox\Toolboxes\Conversion Tools.tbx\FeatureToRaster" Date="20160425" Time="125527">FeatureToRaster line_brood_1000m Id "C:\Users\sprih.harsh\Desktop\maps\all data\raster\brood_buffer" 565.219341652179</Process></lineage></DataProperties></Esri></metadata>
