<?xml version="1.0" encoding="UTF-8"?>
<metadata xml:lang="en"><Esri><CreaDate>20160425</CreaDate><CreaTime>11533100</CreaTime><ArcGISFormat>1.0</ArcGISFormat><SyncOnce>TRUE</SyncOnce><DataProperties><lineage><Process ToolSource="c:\program files (x86)\arcgis\desktop10.3\ArcToolbox\Toolboxes\Conversion Tools.tbx\FeatureToRaster" Date="20160425" Time="115331">FeatureToRaster Boundary Id "C:\Users\sprih.harsh\Desktop\maps\all data\raster\bound_raster" 800.615319824219</Process></lineage></DataProperties></Esri></metadata>
