<PAMDataset>
  <Metadata>
    <MDI key="DataType">Thematic</MDI>
  </Metadata>
  <Metadata domain="Esri">
    <MDI key="PyramidResamplingType">NEAREST</MDI>
  </Metadata>
  <PAMRasterBand band="1">
    <NoDataValue>2.55000000000000E+002</NoDataValue>
    <ColorInterp>Palette</ColorInterp>
    <ColorTable>
      <Entry c1="0" c2="0" c3="0" c4="255" />
      <Entry c1="255" c2="212" c3="0" c4="255" />
      <Entry c1="255" c2="38" c3="38" c4="255" />
      <Entry c1="0" c2="168" c3="227" c4="255" />
      <Entry c1="255" c2="158" c3="10" c4="255" />
      <Entry c1="38" c2="112" c3="0" c4="255" />
      <Entry c1="255" c2="255" c3="0" c4="255" />
      <Entry c1="0" c2="0" c3="0" c4="255" />
      <Entry c1="0" c2="0" c3="0" c4="255" />
      <Entry c1="0" c2="0" c3="0" c4="255" />
      <Entry c1="112" c2="166" c3="0" c4="255" />
      <Entry c1="0" c2="176" c3="74" c4="255" />
      <Entry c1="222" c2="166" c3="10" c4="255" />
      <Entry c1="222" c2="166" c3="10" c4="255" />
      <Entry c1="125" c2="212" c3="255" c4="255" />
      <Entry c1="0" c2="0" c3="0" c4="255" />
      <Entry c1="0" c2="0" c3="0" c4="255" />
      <Entry c1="0" c2="0" c3="0" c4="255" />
      <Entry c1="0" c2="0" c3="0" c4="255" />
      <Entry c1="0" c2="0" c3="0" c4="255" />
      <Entry c1="0" c2="0" c3="0" c4="255" />
      <Entry c1="227" c2="0" c3="125" c4="255" />
      <Entry c1="138" c2="97" c3="84" c4="255" />
      <Entry c1="217" c2="181" c3="107" c4="255" />
      <Entry c1="166" c2="112" c3="0" c4="255" />
      <Entry c1="215" c2="158" c3="189" c4="255" />
      <Entry c1="112" c2="112" c3="0" c4="255" />
      <Entry c1="171" c2="0" c3="125" c4="255" />
      <Entry c1="161" c2="89" c3="138" c4="255" />
      <Entry c1="112" c2="0" c3="74" c4="255" />
      <Entry c1="215" c2="158" c3="189" c4="255" />
      <Entry c1="209" c2="255" c3="0" c4="255" />
      <Entry c1="125" c2="153" c3="255" c4="255" />
      <Entry c1="215" c2="215" c3="0" c4="255" />
      <Entry c1="209" c2="255" c3="0" c4="255" />
      <Entry c1="0" c2="176" c3="74" c4="255" />
      <Entry c1="255" c2="166" c3="227" c4="255" />
      <Entry c1="166" c2="243" c3="140" c4="255" />
      <Entry c1="0" c2="176" c3="74" c4="255" />
      <Entry c1="215" c2="158" c3="189" c4="255" />
      <Entry c1="0" c2="0" c3="0" c4="255" />
      <Entry c1="168" c2="0" c3="227" c4="255" />
      <Entry c1="166" c2="0" c3="0" c4="255" />
      <Entry c1="112" c2="38" c3="0" c4="255" />
      <Entry c1="0" c2="176" c3="74" c4="255" />
      <Entry c1="176" c2="125" c3="255" c4="255" />
      <Entry c1="112" c2="38" c3="0" c4="255" />
      <Entry c1="255" c2="102" c3="102" c4="255" />
      <Entry c1="255" c2="102" c3="102" c4="255" />
      <Entry c1="255" c2="204" c3="102" c4="255" />
      <Entry c1="255" c2="102" c3="102" c4="255" />
      <Entry c1="0" c2="176" c3="74" c4="255" />
      <Entry c1="0" c2="222" c3="176" c4="255" />
      <Entry c1="84" c2="255" c3="0" c4="255" />
      <Entry c1="243" c2="163" c3="120" c4="255" />
      <Entry c1="255" c2="102" c3="102" c4="255" />
      <Entry c1="0" c2="176" c3="74" c4="255" />
      <Entry c1="125" c2="212" c3="255" c4="255" />
      <Entry c1="232" c2="191" c3="255" c4="255" />
      <Entry c1="176" c2="255" c3="222" c4="255" />
      <Entry c1="0" c2="176" c3="74" c4="255" />
      <Entry c1="191" c2="191" c3="120" c4="255" />
      <Entry c1="0" c2="0" c3="0" c4="255" />
      <Entry c1="148" c2="204" c3="148" c4="255" />
      <Entry c1="199" c2="215" c3="158" c4="255" />
      <Entry c1="204" c2="191" c3="163" c4="255" />
      <Entry c1="255" c2="0" c3="255" c4="255" />
      <Entry c1="255" c2="143" c3="171" c4="255" />
      <Entry c1="186" c2="0" c3="79" c4="255" />
      <Entry c1="112" c2="69" c3="138" c4="255" />
      <Entry c1="0" c2="120" c3="120" c4="255" />
      <Entry c1="176" c2="153" c3="112" c4="255" />
      <Entry c1="255" c2="255" c3="125" c4="255" />
      <Entry c1="0" c2="0" c3="0" c4="255" />
      <Entry c1="181" c2="112" c3="92" c4="255" />
      <Entry c1="0" c2="166" c3="130" c4="255" />
      <Entry c1="232" c2="215" c3="176" c4="255" />
      <Entry c1="176" c2="153" c3="112" c4="255" />
      <Entry c1="0" c2="0" c3="0" c4="255" />
      <Entry c1="0" c2="0" c3="0" c4="255" />
      <Entry c1="0" c2="0" c3="0" c4="255" />
      <Entry c1="243" c2="243" c3="243" c4="255" />
      <Entry c1="153" c2="153" c3="153" c4="255" />
      <Entry c1="74" c2="112" c3="163" c4="255" />
      <Entry c1="0" c2="0" c3="0" c4="255" />
      <Entry c1="0" c2="0" c3="0" c4="255" />
      <Entry c1="0" c2="0" c3="0" c4="255" />
      <Entry c1="125" c2="176" c3="176" c4="255" />
      <Entry c1="232" c2="255" c3="191" c4="255" />
      <Entry c1="0" c2="0" c3="0" c4="255" />
      <Entry c1="0" c2="0" c3="0" c4="255" />
      <Entry c1="0" c2="0" c3="0" c4="255" />
      <Entry c1="0" c2="255" c3="255" c4="255" />
      <Entry c1="0" c2="0" c3="0" c4="255" />
      <Entry c1="0" c2="0" c3="0" c4="255" />
      <Entry c1="0" c2="0" c3="0" c4="255" />
      <Entry c1="0" c2="0" c3="0" c4="255" />
      <Entry c1="0" c2="0" c3="0" c4="255" />
      <Entry c1="0" c2="0" c3="0" c4="255" />
      <Entry c1="0" c2="0" c3="0" c4="255" />
      <Entry c1="0" c2="0" c3="0" c4="255" />
      <Entry c1="0" c2="0" c3="0" c4="255" />
      <Entry c1="0" c2="0" c3="0" c4="255" />
      <Entry c1="0" c2="0" c3="0" c4="255" />
      <Entry c1="0" c2="0" c3="0" c4="255" />
      <Entry c1="0" c2="0" c3="0" c4="255" />
      <Entry c1="0" c2="0" c3="0" c4="255" />
      <Entry c1="0" c2="0" c3="0" c4="255" />
      <Entry c1="0" c2="0" c3="0" c4="255" />
      <Entry c1="0" c2="0" c3="0" c4="255" />
      <Entry c1="0" c2="0" c3="0" c4="255" />
      <Entry c1="74" c2="112" c3="163" c4="255" />
      <Entry c1="212" c2="227" c3="250" c4="255" />
      <Entry c1="0" c2="0" c3="0" c4="255" />
      <Entry c1="0" c2="0" c3="0" c4="255" />
      <Entry c1="0" c2="0" c3="0" c4="255" />
      <Entry c1="0" c2="0" c3="0" c4="255" />
      <Entry c1="0" c2="0" c3="0" c4="255" />
      <Entry c1="0" c2="0" c3="0" c4="255" />
      <Entry c1="0" c2="0" c3="0" c4="255" />
      <Entry c1="0" c2="0" c3="0" c4="255" />
      <Entry c1="153" c2="153" c3="153" c4="255" />
      <Entry c1="153" c2="153" c3="153" c4="255" />
      <Entry c1="153" c2="153" c3="153" c4="255" />
      <Entry c1="153" c2="153" c3="153" c4="255" />
      <Entry c1="0" c2="0" c3="0" c4="255" />
      <Entry c1="0" c2="0" c3="0" c4="255" />
      <Entry c1="0" c2="0" c3="0" c4="255" />
      <Entry c1="0" c2="0" c3="0" c4="255" />
      <Entry c1="0" c2="0" c3="0" c4="255" />
      <Entry c1="0" c2="0" c3="0" c4="255" />
      <Entry c1="204" c2="191" c3="163" c4="255" />
      <Entry c1="0" c2="0" c3="0" c4="255" />
      <Entry c1="0" c2="0" c3="0" c4="255" />
      <Entry c1="0" c2="0" c3="0" c4="255" />
      <Entry c1="0" c2="0" c3="0" c4="255" />
      <Entry c1="0" c2="0" c3="0" c4="255" />
      <Entry c1="0" c2="0" c3="0" c4="255" />
      <Entry c1="0" c2="0" c3="0" c4="255" />
      <Entry c1="0" c2="0" c3="0" c4="255" />
      <Entry c1="0" c2="0" c3="0" c4="255" />
      <Entry c1="148" c2="204" c3="148" c4="255" />
      <Entry c1="148" c2="204" c3="148" c4="255" />
      <Entry c1="148" c2="204" c3="148" c4="255" />
      <Entry c1="0" c2="0" c3="0" c4="255" />
      <Entry c1="0" c2="0" c3="0" c4="255" />
      <Entry c1="0" c2="0" c3="0" c4="255" />
      <Entry c1="0" c2="0" c3="0" c4="255" />
      <Entry c1="0" c2="0" c3="0" c4="255" />
      <Entry c1="0" c2="0" c3="0" c4="255" />
      <Entry c1="0" c2="0" c3="0" c4="255" />
      <Entry c1="0" c2="0" c3="0" c4="255" />
      <Entry c1="199" c2="215" c3="158" c4="255" />
      <Entry c1="0" c2="0" c3="0" c4="255" />
      <Entry c1="0" c2="0" c3="0" c4="255" />
      <Entry c1="0" c2="0" c3="0" c4="255" />
      <Entry c1="0" c2="0" c3="0" c4="255" />
      <Entry c1="0" c2="0" c3="0" c4="255" />
      <Entry c1="0" c2="0" c3="0" c4="255" />
      <Entry c1="0" c2="0" c3="0" c4="255" />
      <Entry c1="0" c2="0" c3="0" c4="255" />
      <Entry c1="0" c2="0" c3="0" c4="255" />
      <Entry c1="0" c2="0" c3="0" c4="255" />
      <Entry c1="0" c2="0" c3="0" c4="255" />
      <Entry c1="0" c2="0" c3="0" c4="255" />
      <Entry c1="0" c2="0" c3="0" c4="255" />
      <Entry c1="0" c2="0" c3="0" c4="255" />
      <Entry c1="0" c2="0" c3="0" c4="255" />
      <Entry c1="0" c2="0" c3="0" c4="255" />
      <Entry c1="0" c2="0" c3="0" c4="255" />
      <Entry c1="0" c2="0" c3="0" c4="255" />
      <Entry c1="0" c2="0" c3="0" c4="255" />
      <Entry c1="0" c2="0" c3="0" c4="255" />
      <Entry c1="0" c2="0" c3="0" c4="255" />
      <Entry c1="0" c2="0" c3="0" c4="255" />
      <Entry c1="0" c2="0" c3="0" c4="255" />
      <Entry c1="232" c2="255" c3="191" c4="255" />
      <Entry c1="0" c2="0" c3="0" c4="255" />
      <Entry c1="0" c2="0" c3="0" c4="255" />
      <Entry c1="0" c2="0" c3="0" c4="255" />
      <Entry c1="0" c2="0" c3="0" c4="255" />
      <Entry c1="0" c2="0" c3="0" c4="255" />
      <Entry c1="0" c2="0" c3="0" c4="255" />
      <Entry c1="0" c2="0" c3="0" c4="255" />
      <Entry c1="0" c2="0" c3="0" c4="255" />
      <Entry c1="0" c2="0" c3="0" c4="255" />
      <Entry c1="0" c2="0" c3="0" c4="255" />
      <Entry c1="0" c2="0" c3="0" c4="255" />
      <Entry c1="0" c2="0" c3="0" c4="255" />
      <Entry c1="0" c2="0" c3="0" c4="255" />
      <Entry c1="125" c2="176" c3="176" c4="255" />
      <Entry c1="0" c2="0" c3="0" c4="255" />
      <Entry c1="0" c2="0" c3="0" c4="255" />
      <Entry c1="0" c2="0" c3="0" c4="255" />
      <Entry c1="0" c2="0" c3="0" c4="255" />
      <Entry c1="125" c2="176" c3="176" c4="255" />
      <Entry c1="0" c2="0" c3="0" c4="255" />
      <Entry c1="0" c2="0" c3="0" c4="255" />
      <Entry c1="0" c2="0" c3="0" c4="255" />
      <Entry c1="0" c2="0" c3="0" c4="255" />
      <Entry c1="0" c2="0" c3="0" c4="255" />
      <Entry c1="0" c2="0" c3="0" c4="255" />
      <Entry c1="0" c2="0" c3="0" c4="255" />
      <Entry c1="0" c2="0" c3="0" c4="255" />
      <Entry c1="0" c2="255" c3="140" c4="255" />
      <Entry c1="215" c2="158" c3="189" c4="255" />
      <Entry c1="255" c2="102" c3="102" c4="255" />
      <Entry c1="255" c2="102" c3="102" c4="255" />
      <Entry c1="255" c2="102" c3="102" c4="255" />
      <Entry c1="255" c2="102" c3="102" c4="255" />
      <Entry c1="255" c2="143" c3="171" c4="255" />
      <Entry c1="51" c2="74" c3="51" c4="255" />
      <Entry c1="227" c2="112" c3="38" c4="255" />
      <Entry c1="255" c2="102" c3="102" c4="255" />
      <Entry c1="255" c2="102" c3="102" c4="255" />
      <Entry c1="0" c2="0" c3="0" c4="255" />
      <Entry c1="255" c2="102" c3="102" c4="255" />
      <Entry c1="176" c2="153" c3="112" c4="255" />
      <Entry c1="255" c2="143" c3="171" c4="255" />
      <Entry c1="255" c2="102" c3="102" c4="255" />
      <Entry c1="255" c2="143" c3="171" c4="255" />
      <Entry c1="255" c2="102" c3="102" c4="255" />
      <Entry c1="255" c2="102" c3="102" c4="255" />
      <Entry c1="255" c2="143" c3="171" c4="255" />
      <Entry c1="0" c2="176" c3="74" c4="255" />
      <Entry c1="255" c2="212" c3="0" c4="255" />
      <Entry c1="255" c2="212" c3="0" c4="255" />
      <Entry c1="255" c2="102" c3="102" c4="255" />
      <Entry c1="0" c2="0" c3="0" c4="255" />
      <Entry c1="255" c2="102" c3="102" c4="255" />
      <Entry c1="138" c2="97" c3="84" c4="255" />
      <Entry c1="255" c2="102" c3="102" c4="255" />
      <Entry c1="255" c2="38" c3="38" c4="255" />
      <Entry c1="227" c2="0" c3="125" c4="255" />
      <Entry c1="255" c2="158" c3="10" c4="255" />
      <Entry c1="255" c2="158" c3="10" c4="255" />
      <Entry c1="166" c2="112" c3="0" c4="255" />
      <Entry c1="255" c2="212" c3="0" c4="255" />
      <Entry c1="166" c2="112" c3="0" c4="255" />
      <Entry c1="38" c2="112" c3="0" c4="255" />
      <Entry c1="38" c2="112" c3="0" c4="255" />
      <Entry c1="255" c2="212" c3="0" c4="255" />
      <Entry c1="0" c2="0" c3="153" c4="255" />
      <Entry c1="255" c2="102" c3="102" c4="255" />
      <Entry c1="255" c2="102" c3="102" c4="255" />
      <Entry c1="255" c2="102" c3="102" c4="255" />
      <Entry c1="255" c2="102" c3="102" c4="255" />
      <Entry c1="255" c2="102" c3="102" c4="255" />
      <Entry c1="0" c2="0" c3="0" c4="255" />
      <Entry c1="153" c2="153" c3="153" c4="255" />
      <Entry c1="153" c2="153" c3="153" c4="255" />
      <Entry c1="153" c2="153" c3="153" c4="255" />
      <Entry c1="153" c2="153" c3="153" c4="255" />
      <Entry c1="0" c2="0" c3="0" c4="255" />
      <Entry c1="0" c2="0" c3="0" c4="255" />
      <Entry c1="0" c2="0" c3="0" c4="255" />
    </ColorTable>
    <Metadata>
      <MDI key="RepresentationType">THEMATIC</MDI>
      <MDI key="SourceBandIndex">0</MDI>
    </Metadata>
  </PAMRasterBand>
</PAMDataset>
