<PAMDataset>
  <Metadata />
  <Metadata domain="Esri">
    <MDI key="PyramidResamplingType">NEAREST</MDI>
  </Metadata>
  <PAMRasterBand band="1">
    <Histograms>
      <HistItem>
        <HistMin>-0.5</HistMin>
        <HistMax>7.5</HistMax>
        <BucketCount>8</BucketCount>
        <IncludeOutOfRange>1</IncludeOutOfRange>
        <Approximate>0</Approximate>
        <HistCounts>0|9207|4907|950|135|8|2|9</HistCounts>
      </HistItem>
    </Histograms>
    <GDALRasterAttributeTable>
      <FieldDefn index="0">
        <Name>OBJECTID</Name>
        <Type>0</Type>
        <Usage>0</Usage>
      </FieldDefn>
      <FieldDefn index="1">
        <Name>Value</Name>
        <Type>0</Type>
        <Usage>0</Usage>
      </FieldDefn>
      <FieldDefn index="2">
        <Name>Count</Name>
        <Type>1</Type>
        <Usage>0</Usage>
      </FieldDefn>
      <FieldDefn index="3">
        <Name>CLU_CLASSI</Name>
        <Type>2</Type>
        <Usage>0</Usage>
      </FieldDefn>
      <Row index="0">
        <F>1</F>
        <F>1</F>
        <F>9207</F>
        <F>2</F>
      </Row>
      <Row index="1">
        <F>2</F>
        <F>2</F>
        <F>4907</F>
        <F>3</F>
      </Row>
      <Row index="2">
        <F>3</F>
        <F>3</F>
        <F>950</F>
        <F>10</F>
      </Row>
      <Row index="3">
        <F>4</F>
        <F>4</F>
        <F>135</F>
        <F>5</F>
      </Row>
      <Row index="4">
        <F>5</F>
        <F>5</F>
        <F>8</F>
        <F>1</F>
      </Row>
      <Row index="5">
        <F>6</F>
        <F>6</F>
        <F>2</F>
        <F>9</F>
      </Row>
      <Row index="6">
        <F>7</F>
        <F>7</F>
        <F>9</F>
        <F>0</F>
      </Row>
    </GDALRasterAttributeTable>
    <Metadata>
      <MDI key="STATISTICS_COVARIANCES">0.4543961660078645</MDI>
      <MDI key="STATISTICS_EXCLUDEDVALUES"></MDI>
      <MDI key="STATISTICS_MAXIMUM">7</MDI>
      <MDI key="STATISTICS_MEAN">1.4802207911684</MDI>
      <MDI key="STATISTICS_MINIMUM">1</MDI>
      <MDI key="STATISTICS_SKIPFACTORX">1</MDI>
      <MDI key="STATISTICS_SKIPFACTORY">1</MDI>
      <MDI key="STATISTICS_STDDEV">0.67408913802839</MDI>
    </Metadata>
  </PAMRasterBand>
</PAMDataset>
