<?xml version="1.0" encoding="UTF-8"?>
<metadata xml:lang="en"><Esri><CreaDate>20160425</CreaDate><CreaTime>13004200</CreaTime><ArcGISFormat>1.0</ArcGISFormat><SyncOnce>TRUE</SyncOnce><DataProperties><lineage><Process ToolSource="c:\program files (x86)\arcgis\desktop10.3\ArcToolbox\Toolboxes\Conversion Tools.tbx\FeatureToRaster" Date="20160425" Time="130042">FeatureToRaster crp_merg FID "C:\Users\sprih.harsh\Desktop\maps\all data\raster\crp_rast" 740.977407033321</Process></lineage></DataProperties></Esri></metadata>
